,,,,,,,,,,,,,,,,,,,,,,,,,,,,,,,,,,,,,,,,,
head language editor: Nine,HLE:,,,HLE: Nine,HLE: Nine,,,,HLE: Olav /phrases and proofread: Yonas Fessehaye & Brhane Johannes / 100%,HLE: Olav /phrases and proofread: Yonas Fessehaye & Brhane Johannes / 100%,HLE: Olav,,HLE: hjubaer,HLE: hjubaer,HLE: Armeghan,HLE: Armeghan,,,HLE: Sanija,,,,HLE: Caterina de Rosa,,,,HLE: Sabrina Power,,,,,HLE: Agostina,,,,HLE Fotini,HLE Fotini,HLE Povilas Krikščiūnas,,,
German,Arabic (Syrian),Fusha Arabic,Syrian phonetic/Fusha phonetics,English,French,Slovenian,Dutch,Tigrinya,Tigrinya,Tigrinya Phonetic,Somali,Urdu,Bangla (বাংলা),Bangla Phonetic,Farsi,Dari,Pashto,Albanian,Bosnian/ Croatian/ Serbian ,Macedonian ,Russian,Slovak / Czech,Italian,"Kurdish
(Sorani)",Bulgarian,Kurdish (Kurmanji),Swedish / Norwegian / Danish,Finnish,Icelandic,Twi,Turkish,Spanish,Hungarian ,Portuguese,Greek phonetic,Greek alphabet,Romanian ,Lithuanian,Filipino,Vietnamese,Polish
hallo," مرحبا
اهلا", اهلا, Marhaba/Saalam ,Hello,bonjour / salut,Zdravo,Hallo,,ሰላም፣ሰላማት,selam/selamat,,"Salaam

سلام",সালাম,salam /assalamu alaikum,"Salam
سلام","Salam
سلام",Salaam سلام,Përshëndetje,Zdravo / Bok / Ćao,Здраво (Zdravo),Привет / здравствуйте,"S: Ahoj
C: Ahoj",Salve/ Ciao,سڵاو,Zdravei / Здравей,Merheba,"S: Hej
N: Hallo/Hei
D: Hej",Hei,Halló,Merekyea wo!,Merhaba / Selam,Hola,Helló,Olá,Ya,Γεια,Salut!,Labas,Kamusta,xin chào,Cześć
guten Tag,صباح الخیر,صباح الخیر,Sabáh alchayr,Good day,bonjour,Dober dan,Goedendag,,ደሓንዶ ውዒልኩም,deHando we´ilkum,,"Subh behkeir

صبح بخیر",সুপ্রভাত,shuprobhat,"Sob bekheir
صبح بخیر",Roze khob                        روز خوب   ,سهار په خیرSahar pa khair,Mirëdita,Dobar dan,Добар ден (Dobar den),Добрый день,"S: Dobrý deň
C: Dobrý den",Buongiorno,به‌یانی و باش,Dobar den /Добър ден,Roj baş,"S: Goddag
N: God dag
D: Goddag",Hyvää päivää,Góðan daginn,Mema wo aha,Günaydın,Buenos días,Jó napot kívánok,Bom dia.,Kaliméra,Καλημέρα,Buna ziua,Laba diena,Magandang araw,,Dzień dobry
guten Abend,مساء الخیر,مساء الخیر,Masaa alchayr,Good evening,bonsoir,Dober večer,Goedenavond,,ከመይ አምሲም።,dehan dom sichum,,"shab bekheir

شب بخیر",শুভ সন্ধ্যা,shubho shondha,"Shab bekheir
شب بخیر",Asr bekheir          عصر بخیر,شپه په خیرShpa pa Khair,Mirëmbrëma,Dobro veče/ Dobra večer,Добро вечер (Dobro vecher),Добрый вечер,"S: Dobrý večer
C: Dobrý večer",Buonasera,ئێواره‌ت باش,Dobar vecher/ Добър вечер,Êvar baş,"S: Godkväll
N: God kveld
D: God aften",Hyvää iltaa,Góða kvöldið,Mema wo adwo,İyi akşamlar,Buenas noches,Jó estét,Boa noite,Kaló vrádi,Καλό βράδυ,Bună seara,Labas vakaras,Magandang gabi,,Dobry wieczór
auf Wiedersehen,                                             باي ,مع السلامة , Bye/ma‘a 's-saláma,Goodbye,au revoir,Nasvidenje,Tot ziens,,ደሓን ኵን,deHan kun,,"Khuda hafez
خدا حافظ",আবার দেখা হবে,abar dekha hobe,"khodaafez
خداحافظ","khodaafez
خداحافظ",د خدای په امان da khday pa aman,Mirupafshim,Doviđenja,Довидување (Doviduvanje),До свидания,"S: Dovidenia
C: Na shledanou",Arrivederci,خواحافیز,Dovizhdane / Довиждане,Bi xatirê te/ Oxir be,"S: Hejdå
N: Hadet bra
D: Farvel",Näkemiin,bless,Nante yie,Hoşçakal,Adiós,Viszontlátásra,Adeus,Is to epanidín,Εις το επανιδείν,La revedere,Iki,Paalam,,Do widzenia.
Wo kommen Sie her?,من وين انت  , من أي بلد أنت؟ ,Min Ouin inta? / min ay balad anta?,Where do you come from?,D'où venez-vous?,Od kod ste?,Waar kom je vandaan? / Waar komt u vandaan?,,ካበይ መጺእካ፧ ፨ መጺእኪ፧,kabey metsieka? / Metsieki?,,?Aap kahan se hain           /             اپ کہاں سے آئے هین,আপনি কোত্থেকে আসছেন?,apni kotha theke (kottheke) ashchhen?,Shoma az Koja miayied?,Shoma as koja amadid                        شما ازکجا آمدید؟,,Nga vini?,Odakle dolazite?,Од каде доаѓате? (Od kade doagjate?),Вы откуда?,odkud pochàzite,Di dove sei?,,Ot kude idwate? / От къде идвате?,Tu ji ku yî?,S: Varifrån kommer du? N: Hvorfra kommer du?,Mistä olette kotoisin?,Hvaðan ert þú?,,Nerelisiniz? / Nereden geliyorsunuz?,De donde eres?,Honnan érkezett?,De onde o senhor/ a senhora vem?,Apo pu ise?,Από πού είσαι;,De unde veniti?,Iš kur Jūs atvykote?,Taga-saan po kayo?,,Skąd jesteś?
Ich verstehe das nicht.,ما فهمت , لم أفهم,Ma Fhimt / Lam Afham,I don’t understand,Je ne comprends pas.,Ne razumem,Ik begrijp het niet,,ኣይተረደኣንን,ayterdeanin,,"mujhe samajh mai nahi aaya

مجھے سمجھ میں نہیں آئی۔",আমি বুঝতে পারছি না,ami bujhte parchhi na,"nemifahmam
نمی فهمم","nemifahmam
نمی فهمم",زه نه پوهېږم za na puyegam,Nuk kuptoj,Ne razumijem / Ne razumem,Не разбирам (Ne razbiram),Я не понимаю,"S: Nerozumiem
C: Nerozumím",Non ho capito.,تیناگه م,Ne razbiram / не разбирам,Ez vê fêm nakim,"S: Jag förstår inte.
N: Jeg forstår ikke.
D: Jeg forstår ikke.",En ymmärrä.,Ég skil ekki?,,Anlamıyorum.,No entiendo / No comprendo,Nem értem,Não entendo/compreendo,Den to katalavéno,Δεν το καταλαβαίνω.,Nu inteleg.,Aš nesuprantu,Hindi ko po maintindihan,,Nie rozumiem
"Können Sie hier [in diesem Phrasebook] finden, was Sie sagen wollen? Es beinhaltet viele Sprachen. Wir können so versuchen, zu kommunizieren.", عم تلاقي بقاموس الكلامات هاد الشي اللي بدك تقولو؟هون في لغات كتيرة. ممكن نتواصل هيك,هل يمكنك أن تجد في قاموس المصطلحات هذا ما تريد أن تقوله؟ القاموس يتتضمن عدد من اللغات. ربما يمكننا أن نتواصل بهذه الطريقة ," Am tlaki bi Qamus El-Kalimat had El-Shi eli bdak tkulu,houn fi Ligat Ktira, momken nitwasah haik/Hal yumkinuka an tajida fi Al-kamus hatha ma turid an takulahu? Al-kamus yatadaman aded men Al-Lughat, rubama yumkinuna an natauasal bi hathihi Al-Tarika /",Can you find what you want to say here [=in this phrasebook]? It has several languages. We can try to communicate this way.,Regardez si vous pouvez trouver ce que vous voulez me dire ici [dans ce guide]. C'est en plusieurs langues. Nous pouvons essayer de communiquer comme ça.,"Lahko tu [v tem priročniku] najdete, kar želite reči? Vsebuje veliko jezikov. Lahko poskusimo komunicirati na ta način.",Kunt u (in dit boekje) vinden wat u wilt zeggen? Het bevat veel talen. We kunnen op deze manier proberen om met elkaar te communiceren.,,እንታይ ክትብል ከም ዝደለኻ ካብዚ መጵሓፍ ክትረክቦ ምከኣልካዶ፧ ብዙሕ ቋንቋ ኣለዎ፥ በዚ ጌርና ክንረዳዳእ ኒፈቲን፥,Entay kitibil kemzideleka kabzi metshaft kitrekibo mikealka do? Buzuh quanqua alewo. Bezi gerna kinredadae niftin.,,Aap ko is kitaab main jo kehna hai woh mil gaya? Is kitab main bohat si zabaanein hain. Ham is tarah say baat kar saktay hain. آپ کو اس کتاب میں جو کہنا ہے وہ مل گیا؟ اس کتاب میں بہت سی ذبانین ہیں۔ ہم اس طرح سے بات کر سکتے ہیں۔,"আপনি যা বলতে চাইছেন, সেটা কি এখানে [এই বইয়ে] খুঁজে পাচ্ছেন? এখানে অনেকগুলো ভাষা আছে, এটার মাধ্যমে আমরা ভাব বিনিময় করার চেষ্টা করতে পারি  ","apni ja bolte chaichhen, sheta ki ekhane [ei boiye] khuje pachchhen? ekhane onekgulo bhasha achhe, etar maddhome amra kotha bolar cheshta korte pari/",,Dar in ketab mitawanid chishaye ke mikhahid beguyid peyda konid?                در این کتاب می توانید چیزهایی که شما می خواهم بگوید پیدا کنید,,A mund të gjeni ate që doni të thoni këtu (në këtë libër frazash)? Janë disa gjuhë. Mund të provojmë të komunikojmë në këtë mënyrë.,Možete li naći ono što želite reći ovdje [u ovoj knjižici]? Ima nekoliko jezika. Možemo probati komunicirati na taj način.,Дали можете да го најдете она што го барате овде (во оваа книшка)? Има неколку јазици. Можеме да се обидеме да комуницираме на тој начин. (Dali mozhete da go najdete ona shto go barate ovde (vo ovaa knishka)? Ima nekolku jazitsi. Mozheme da se obideme da komunitsirame na toj nachin.),"Пожалуста, найдите что вы хотите сказать в этом разговорнике. В нём несколько различных языков. Мы попытаемся общаться с его помощью.","můžete zde prosím zkusit najít co chcete říci, je zde hodně jazyků,můžeme zkusit tak komunikovat","Puoi trovare quello, che vuoi dire qui[=in questo frasario]? Ci sono alcune lingue. Possiamo cercare di comunicare in questo modo.",,"Mozhe li da namerite tuk ( w tezi stranitsi) towa, koeto iskate da kazhete? Te sudurzhat prewod na mnogo ezici. Taka mozhem da opitame da se razberem. / Можете ли да намерите тук (в този страници) това, което искате да кажете? Те съдържат превод на много езици. Така ожем да опитаме да се разберем.",Gelo tu dikarî bimîne bê tu dixwazî çi bibeje li vir ( = di vê pirtukê de)? Pirtûk xwedî çend zimane ye. Em dikarin bi vê rîyê bi hev re têkiliyê çêbikin.,S: Kan du hitta vad du behöver säga [i den här parlören]? Den har många språk. Vi kan försöka att kommunicera på det här sättet. N: Kan du finne hva du trenger å si [i denne parløren]? Den har mange språk. Vi kan forsøke å kommunisere på denne måten.,Voisitteko etsiä täältä (tästä sanakirjasta) sen mitä haluaisitte sanoa? Siinä on useita kieliä. Voimme yrittää kommunikoida tällä tavalla.,"Getur þú fundið það sem þú vilt segja hér? Í þessari bók? Hún er á nokkrum tungumálum, við gætum reynt að tala saman í gegnum hana.",,Söylemek istediğini bu sözlükte/kitapçıkta bulabilir misin? Belki böyle iletişim kurabiliriz.,¿Puede usted encontrar o señalar lo que quiere decir aquí (en este libro de frases)? Está compuesto por varios idiomas. Podemos tratar de comunicarnos por este medio.,"Meg tudja találni itt, ebben a könyvben azt, amit mondani akar? Több nyelv is van, megpróbálhatunk így beszélgetni.",Você consegue encontrar o que quer dizer aqui (neste guia). Tem várias línguas. Podemos tentar comunicar desta forma.,borite na vrite afto pu thelete na pite edo? (se afto to vivlio) ehi poles gloses.borume na prospathisume na epikinonisume me afton ton tropo.,μπορείτε να βρείτε αυτό που θέλετε να πείτε εδώ;(σε αυτό το βιβλίο). έχει πολλές γλώσσες.Μπορούμε να προσπαθήσουμε να επικοινωνήσουμε με αυτόν τον τρόπο.,Puteti sa gasiti aici (in acest dictionar de expresii) ce vreti sa imi spuneti? Este in mai multe limbi. Putem incerca sa comunicam in acest fel.,"Ar randate tai, ką norėtumėte pasakyti šioje knygoje? Ji parašyta įvairiomis kalbomis. Taip mes galėsime susišnekėti.",,,"Czy potrafisz znaleźć tu [=w tych rozmówkach] to, co chciał(a)byś powiedzieć? Jest tu kilka języków; możemy spróbować porozumieć się w ten sposób."
Wie geht es Ihnen?,        شلونكم                                                         ,كيفكم  ,Schlounkon/Kifkoun,How are you?,Comment allez-vous ?,Kako ste?,Hoe gaat het met u?,,ከመይ ኣለኺ/ኻ፧,kemey al-leKhi/a?,,Aap kaise hain? آپ کیسے ہیں,কেমন আছেন?,kemon achhen?,Hale shoma chetor ast? چه حال دارید؟,Chi haal darid? چه حال دارید؟,,Si jeni? (si je?),Kako ste?,Како сте? (Kako ste?),Как дела?,,Come sta?,,Kak ste? / Как сте?,Hûn çawa ne?,S: Hur mår du/ni? N: Hvordan går det?,Kuinka te voitte?,Hvernig hefur þú það?,,Nasılsınız?,¿Cómo está?,Hogy van?,Como está?,pòs ìste?,Πώς είστε;,Cum va simtiti?,Kaip Jūs?,Kamusta po kayo? (formal),,Jak się Państwo mają?
Wie geht es dir?,                                                                     شلونك ,كيفك,Schlounak(m)Schlounik (f(/Kifak ,How are you?,Comment vas-tu?,Kako si?,Hoe gaat het met je?,,ከመይ ኣለኺ/ኻ፧,kemey al-leKhi/a?,,تم کیسے ہو؟ ?Tum kese ho,কেমন আছ?,kemon achho?,Hale to chetor ast? چه حال داری؟,"Chitor asti?
چتور استی؟",,Si je? Si jeni?,Kako si?,Како си? (Kako si?),,,Come stai?,,Kak si? / Как си?,Tu çawa yî?,S: Hur mår du? N: Hvordan går det?,Kuinka voit?,,,Nasılsın?,¿Cómo se siente?,Hogy vagy?,Como se sente?,Pós estháneste? [pl]/ Pos esthánese?,Πώς αισθάνεστε; [pl]/ Πώς αισθάνεσαι;,Cum te simti?,Kaip sekasi? (informal),Kamusta?,,Jak się masz?
"Ich hole jemanden, der helfen kann.",رح جيب حدا بيقدر يساعد,سأحضر أحدا للمساعدة,Rah jib hada biye'der yisa'ed,I'm getting somebody who can help.,Je vais chercher quelqu'un qui peut aider.,"Grem po nekoga, ki lahko pomaga.",Ik haal iemand die kan helpen.,,ክሕግዘኒ ዚክእል ሰብ ረኪበ ኣለኩ፥,Kihigizeni zikiel seb rekibe aleku.,,Main kisi ko laa raha hoon madad kay liye. میں کسی کو لا رہا ہوں مدد کے لیے,"আমি একজনকে খুঁজে আনছি, যে আপনাকে সাহায্য করতে পারবে ","ami ekjonke khunje anchhi, je apnake shahajjo korte parbe ",Man donbale kasi miravam ke betavanad be shoma komak konad,,,Do të thërras dikë që mund të na ndihmojë,Pozvat ću nekoga tko može pomoći. / Pozvaću nekoga ko može da pomogne.,Ќе поканам некој кој може да помогне. (Kje pokanam nekoj koj mozhe da pomogne.),Я приведу кого нибудь кто сможет помочь,,Vado a trovare qualcuno che può essere d'aiuto.,,"Shte se opitam da namerya nyakoy koyto da pomogne. / Ще се опитам да намеря някой, който да помогне.",Ez ê kesên ku alîkarîya te bike bînim.,S: Jag hämtar någon som kan hjälpa. N: Jeg går å henter noen som kan hjelpe. ,"Haen jonkun, joka voi auttaa.",Ég ætla að sækja hjálp,,Yardım edebilecek birini bulacağım.,Voy a buscar a alguien que pueda ayudarle.,"Hívok valakit, aki tud segíteni.",Vou buscar alguém que possa ajudar.,Tha féro kápion pou borí na voythísi,Θα φέρω κάποιον που μπορεί να βοηθήσει.,Voi chema pe cineva care va poate ajuta.,"Rasiu, kas gali padėti",Maghahanap po ako ng taong tutulong sa inyo,,"Idę po kogoś, kto będzie w stanie pomóc."
Bitte warten Sie hier.,استنوا لو سمحتوا ,الرجاء الإنتظار,Esstanou Laou Samahtou / Alraga´a  Alintithar Lau Samahtom,Please wait here.,Attendez ici s'il vous plaît.,"Prosim, počakajte tu",Wacht u alstublieft hier.,,ብክብረትካ ኣብዚ ተጸበይ,B'kbretka abzi tetsebe,,Yahan par aap intizar karein یہاں بر اپ آنتظار کریں,দয়া করে এখানে অপেক্ষা করুন,doya kore ekhane opekkha korun,Lotfan inja montazer bashid لطفآ اینخا منتظر بآشند.,"Lotfan inja montazer bashid
لطفآ اینخا منتظر بآشند.",,Të lutem prit këtu (Ju lutem prisni këtu),"Molim Vas, pričekajte ovdje / sačekajte ovde.","Ве молам, почекајте тука (Ve molam, pochekajte tuka)","Пожалуйста, ждите здесь.",počkejte zde prosìm,aspettate qui per favore,,"Molia, izchakaite tuk / Моля, изчакайте тук",Ji kerema xwe li vir bisekînin,S: Vänligen vänta här N: Vennligst vent her,Olkaa hyvät ja odottakaa tässä.,Vinsamlegast bíddu hér.,,"Lütfen, burada bekleyin.","Por favor, espere aquí","Kérem, itt várjon.","Espere aqui, por favor",Parakalò perimènete edò,Παρακαλώ περιμένετε εδώ,Așteptați aici,Prašau palaukite čia,Pakihintay lang po dito,,Proszę tutaj poczekać
Ich komme zurück.,راجع بعد شوي , سوف اعود لاحقا,Ra-je'ae Ba'aed Shouai / saouf a´aoud laheqan,I'll come back.,Je vais revenir.,Pridem nazaj,Ik kom zo terug.,,ክምለስ እየ,Kimiles eye,,Mein wapis aounga میں واپس آؤنگا,আমি ফিরে আসছি,ami fire ashchhi,Man bar migardam من بر میگردم,"Pas miyaayam.
پس می ایم.",,Do kthehem / do vi prapë,Vratit ću se / Vratiću se.,Ќе се вратам (Kje se vratam),я вернусь,vràtìm se,tornerò,,Shte se vurna / Ще се върна,Ez ê vegerim.,S: Jag kommer tillbaka N: Jeg kommer tilbake,Tulen takaisin.,Ég kem aftur.,,Döneceğim.,Volveré pronto,Visszajövök.,Eu vou voltar / Eu volto já,Epistrèfo,Eπιστρέφω,Voi reveni,Aš grįšiu,Babalik ako,,Przyjdę z powrotem
Ich will Ihnen helfen.,بدي ساعدك,اريد مساعدتكم,Biddi sa'adak,I want to help you.,Je veux vous aider.,Želim vam pomagati.,Ik wil je/u helpen.,,ኣነ ክሕግዘካ ደልየ፥,ane Kihigizeka delye.,,Main aap ki madad karna chahta hoon . میں آپ کی مدد کرنا چاہتا ہوں,আমি আপনাকে সাহায্য করতে চাইছি ,ami apnake shahjjo korte chaichhi ,Man mikhaham be shoma Komak konam," Man mekhaayam be shoma  komak konam.
من می خواهم به شما کمک کنم.",,Dua të të ndihmoj,Želim Vam pomoći.,Сакам да Ви помогнам. (Sakam da Vi pomognam.),Я хочу вам помочь,chci vàm pomoci,(fml)Voglio aiutarla/Voglio aiutarti.,,Iskam da wi pomogna. / Искам да Ви помогна.,Ez dixwazim alîkarîya te bikim.,S: Jag vill hjälpa dig. N: Jeg ønsker å hjelpe deg. ,Haluan auttaa teitä.,Ég vil hjálpa þér.,,Sana yardım etmek istiyorum.,Quiero ayudarle.,Segíteni akarok.,Eu quero ajudá-lo.,Thélo na sas voythíso.,Θέλω να σας βοηθήσω.,Vreau sa va ajut.,Aš noriu padėti,Gusto ko po kayong tulungan,,(fml)Chcę Panu/Pani pomóc./Chcę ci pomóc.
Sie können mir vertrauen.,بتقدر توثق فيي,يمكنكم أن تثقوا بي,Bte'dar tusaq fiyyi,You can trust me.,Vous pouvez me faire confiance.,Lahko mi zaupate.,U/Je kunt mij vertrouwen.,,ንዓይ  እመነኒ፥,Ni'ay emeneni.,,Aap mujh pay aitemad kar saktay hain آپ مجھ پر اعتماد کر سکتے ہیں,আপনি আমাকে বিশ্বাস করতে পারেন,apni amake bishshash korte paren,Shoma Mitavanid be man etemad konid,Shoma mitavanid be ma etamad konid.        شما می توانید به من اعتماد کنید,,Mund të më besosh,Možete imati povjerenja u mene. / Možete da mi verujete.,Можете да ми верувате. (Mozhete da mi veruvate),Ву можете доверять мне,můžete mi důvěřovat,(fml) Può fidarsi di me / Puoi fidarti di me.,,Mozhete da mi se dowerite. / Можете да ми се доверите.,Tu dikarî bi min bawer bike,S: Du kan lita på mig. N: Du kan stole på meg. ,Te voitte luottaa minuun.,Þú getur treyst mér.,,Bana güvenebilirsin.,Puede confiar en mí.,Megbízhat bennem.,Pode confiar em mim.,Boríte na me embisteftíte.,Μπορείτε να με εμπιστευτείτε.,Puteti avea incredere in mine.,Galite manimi pasitikėti,Mapagkakatiwalaan ninyo ako,,(fml)Może mi Pan/Pani zaufać./Możesz mi zaufać.
"Ich warte hier mit Ihnen, keine Sorge.",رح استنى هون معك. لا تقلق,سأنتظر معك. لا تقلق,"Rah estanna hon ma'ak, la teqlaq","I will wait here with you, don't worry.","Je vais attendre ici avec vous, pas de soucis.","Tu počakam z vami, brez skrbi.","Ik wacht samen met u, geen zorgen.",,ኣብዚ ምሳካ ክጽበ አየ። ቡዙሕ ኣይሸገር፥,Abzi misaka kitsibey eye. Buzuh aytisheger.,,Main aap kay saath yahan intizar karoon ga. Fikr mat karein . میں آپ کے ساتھ یہاں انتظار کروں گا. فکر مت کریں۔,"আমি এখানে আপনার সঙ্গে অপেক্ষা করছি, কোনো দুশ্চিন্তা করবেন না ","ami ekhane apnar shonge opekkha korchhi, chinta korben na ","Negaran nabashid, man eenja ba Shoma montazer mishavam.","Ma baa shoma inja montazer baasham.
من با شما اینجا منتظر باشم.",,"Do të të pres këtu, mos u merakos/mërzit","Čekat ću ovdje s Vama, ne brinite. / Čekaću ovde s Vama, ne brinite.","Ќе чекам овде со вас, не грижете се. (Kje chekam ovde so vas, ne grizhete se).","Я буду ждать с вами вместе, не беспокойтесь",počkám s vámi nemějte starost,"(fml)Aspetterò qui con Lei, Non si preoccupi./Aspetterò qui con te, non preoccuparti.",,"Shte izchakam tuk s Was, ne se bezpokoyte. / Ще изчакам тук с Вас, не се безпокойте.","Ez ê li vir bi te re bimînim, meraq neke.","S: Jag väntar här med dig, oroa dig inte. N: Jeg venter her med deg, ta det rolig. ","Odotan tässä teidän kanssanne, älkää huolehtiko.","Ég ætla að bíða hér með þér, hafðu engar áhyggjur",,"Ben seninle bekleyeceğim, merak etme.",Esperaré aquí con usted. No se preocupe.,"Ne aggódjon, várok itt magával.",Eu espero aqui por si. Não se preocupe,"Tha periméno mazí sas edó, min anisikhíte.","Θα περιμένω μαζί σας εδώ, μην ανησυχείτε.","Voi astepta aici cu dumneavoastra, nu va ingrijorati.","Aš jūsų lauksiu čia, nebijokite",,,"(fml)Zaczekam tu z Panią/Panem, proszę się nie martwić./Zaczekam tu z tobą, nie martw się."
Jemand wird kommen und Ihnen helfen.,في حدا رح يجي يساعدك.,سيأتي احد للمساعدة,Fi hada rah yiji ysa'dak,Somebody will come and help you.,Quelqu'un va venir vous aider.,Nekdo bo prišel in Vam pomagal.,Er komt iemand die u kan helpen.,,ካልእ ሰብ ክመጸካ ክሕግዘካ እዩ፥,Kalie seb kmetseka kihigizeka eyu.,,Koi aap ko yahan madad karay ga . کوئی آپ کو یہاں مدد کرے گا,কেউ একজন এসে আপনাকে সাহায্য করবে ,keu ekjon eshe apnake shahajjo korbe,Kasi be zodi miayad va be shoma komak mikonad.,Kazi miyayad va be shoma komak mikonad          کسی می آید و به شما کمک میکند,,Dikush do vi t'ju ndihmojë,Neko / netko će doći i pomoći Vam.,Некој ќе дојде и ќе Ви помогне. (Nekoj kje dojde i kje Vi pomogne),К вам придут и вам помогут,,(fml)Qualcuno verrà ad aiutarLa./Qualcuno verrà ad aiutarti.,,Sega shte doyde nyakoy i shte Wi pomogne. /Сега ще дойде някой и ще ви помогне.,Yek ê werê û alîkarîya te bike.,S: Någon kommer för att hjälpa dig. N: Noen vil komme å hjelpe meg. ,Joku tulee auttamaan teitä.,Einhver mun koma og hjálpa þér.,,Biri gelip sana yardım edecek,Va a venir alguien a ayudarle.,A segítség úton van.,Vai chegar alguém para ajudá-lo,Tha érthi kápios ke tha sas voithísi.,Θα έρθει κάποιος και θα σας βοηθήσει.,Va veni cineva sa va ajute.,Kas nors ateis jums padėti,May tutulong po sa inyo,,Ktoś przyjdzie Panu/Pani/ci pomóc.
Diese Person kann Ihnen helfen.,هاد الشخص بيقدر يساعدك.,هاد الشخص يستطسع مساعدتك.,Hadal El-shak'hes bye'dar ysa'dak,This person can help you.,cette personne peut vous aider,Ta oseba vam lahko pomaga.,Deze persoon kan u helpen.,,እዚ ሰብ ክሕግዘካ እዩ፥,Ezi Seb kihigizega eyu.,,Yeh shakhs aap ki madad karein gay. یہ شخس آپ کی مدد کریں گے,ইনি আপনাকে সাহায্য করতে পারবেন ,ini apnake shahajjo korte parben,Een Taraf mitavanad be shoma komak konad,In nafar mitawanad be shoma komak konad.                            این نفر می تواند به شما کمک  کند,,Ky person mund t'ju ndihmojë,Ova osoba Vam (ti) može pomoći.,Ова лице може да Ви (ти) помогне. (Ova litse mozhe da Vi (ti) pomogne).,Этот человек вам поможет,,(fml)Questa persona può aiutarLa./Questa persona può aiutarti.,,Eto tozi chowek mozhe da Wi pomogne. / Ето този човек може да Ви помогне.,Ev mîrov ê alîkarîya te bike.,S: Denna personen kan hjälpa dig. N: Denne personen kan hjelpe deg. ,Tämä henkilö auttaa teitä.,Þessi manneskja getur hjálpað þér.,,Bu kişi sana yardım edebilir.,Esta persona puede ayudarle.,Ő tud segíteni önnek.,Esta pessoa pode ajudá-lo.,Aftó to átomo borí na sas viothísi.,Αυτό το άτομο μπορεί να σας βοηθήσει.,Aceasta persoana va poate ajuta.,Šis žmogus jums gali padėti,Siya po ang tutulong sa inyo,,Ta osoba może pomóc.
Wir müssen nur ein wenig warten.,بس لازم نستنى شوي.,علينا الإنتظار قليلا,Bas lazem nestanna shuay.,We just have to wait a little.,il faut juste que vous attendiez un moment / nous devons juste attendre un moment / il faut juste attendre un peu,Moramo le malce počakati.,We moeten gewoon even wachten.,,ቑሩብ ክንጽበ ኣለና፥,Kurub kintsibe alena.,,Hamein thora sa intizar karna hai . ہمیں تھورا سا انتظار کرنا ہے,আমাদের একটু অপেক্ষা করতে হবে ,amader ektu opekkha korte hobe,Ma bayad yek modat Sabr konim.,Ma bayad kami sabr konem             ما باید فقط یک کمی صبر کنیم,,Ne duhet të presim pak,Moramo samo malo pričekati. / Moramo samo malo da sačekamo.,Мораме само малку да причекаме. (Morame samo malku da prichekame),Нам стоит немного подождать,,Dobbiamo solo aspettare un po'.,,Tryabwa da pochakame malko. / Трябва да почакаме малко.,Divê em li vir hinekî bimînin.,S: Vi måste vänta bara lite. N: Vi må bare vente litt. ,Meidän täytyy odottaa hetken aikaa.,Við þurfum að bíða aðeins.,,Sadece biraz beklememiz lazım.,Tenemos que esperar un poco.,Csak egy kicsit kell várni.,Temos que esperar um pouco.,Prépi na periménoume lígo aplós.,Πρέπει να περιμένουμε λίγο απλώς.,Trebuie doar sa asteptam putin.,Mums reikia truputį palaukti,Maghintay lang po tayo ng sandali,,Musimy tylko chwilę zaczekać.
Sie sind sehr mutig.,انت شجاع/ انتِ شجاعة,انت شجاع/ انتِ شجاعة,"(m.) Inta shuja'a
(f.) Inti shuja'a-a",You're very brave.,Vous êtes très courageux / courageuse.,Zelo ste pogumni.,U bent heel dapper/moedig.,,ብጣዕሚ ንፉዕ ኢካ፥,Bitaemi Nifue eka.,,Aap bohat buhadar hain . آپ بہت بہادر ہیں,আপনি অনেক সাহসী ,apnar onek shahosh,Shoma kheyli Shojae hastid,,,Ti je kurajoz/e.,Vrlo ste hrabri.,Многу сте храбри. (Mnogu ste hrabri),Вы хорошо держитесь,,(fml) E' molto coraggioso/coraggiosa./Sei molto coraggioso/coraggiosa.,,Wie ste mnogo smel / smela. // Вие сте много смел/ смела.,Tu gelekî wêrek î.,S: Du är mycket modig. N: Du er veldig modig.,Olette todella rohkea.,Þú ert mjög hugrökk.,,Çok cesursun.,Es usted muy valiente.,Nagyon bátor vagy.,Você é muito corajoso/corajosa.,Ékhete polí thárros.,Έχετε πολύ θάρρος.,Sunteti foarte curajos / curajoasa.,Jūs labai drąsus [m] / Jūs labai drąsi [f] ) / Jūs labai drąsūs [m] [pl] / Jūs labai drąsios [f] [pl],Napakatapang po ninyo,,"(fml,m)Jest Pan bardzo dzielny/(fml,f)Jest Pani bardzo dzielna./Jesteś bardzo dzielny/dzielna."
Sie sind super.,أنت ممتاز/ انتِ ممتازة,أنت ممتاز/ انتِ ممتازة,(m.) Inta Mumtaz (f.) Inti mumtaze,You're great.,Vous êtes super.,Super ste.,U bent geweldig.,,ኣዚኻ ክኢላ ኢኻ፥,Azicha kiela icha.,,Aap zabardast hain. آپ زبردست ہیں,আপনি অসাধারণ ,apni oshadharon!,Shoma Aali astid,,,Je i/e mrekullueshëm/me.,Super ste.,Супер сте. (Super ste).,Вы замечательно держитесь,,Sei fantastico / fantastica.,,Super ste. / Супер сте.,Tu super î.,S: Du är så bra! N: Du er så bra!  ,Olette mahtava.,Þú ert frábær.,,Çok iyisin/süpersin.,Es usted increíble/fantástico.,Szuper vagy.,Você é incrível/fantástico.,Íste téliy.[pl] / Íste télyi,Είστε τέλειοι.,Eşti grozav.,Jūs šaunus [m] / Jūs šauni [f] / Jūs šaunūs [pl],Mahusay po kayo,,"(fml,m)Jest Pan wspaniały./(fml,f)Jest Pani wspaniała./Jesteś wspaniały/wspaniała."
Es wird schnell heilen., رح يطيب بسرعة,سوف يشىفى بسرعة , Rah ytib bi sura'a/saufa yasha bisur'a,It will heal quickly.,Ça va guérir rapidement.,Hitro se bo pozdravilo.,Het zal snel genezen.,,ቐልቲፉ ክሓዊ እዩ፥,Keltifu kihawi eyu.,,Yeh jaldi theek ho jai ga . یے جلدی ٹھیک ہو جاے گا,খুব দ্রুতই এটা ঠিক হয়ে যাবে ,khub drutoi eta thik hoye jabe,,,,Do tê shërohet shpejtë.,Brzo će zarasti.,Бргу ќе зарасне. (Brgu kje zarasne),Это скоро заживёт,,Questo guarirà presto.,,Shte mine burzo. / Ще мине бързо.,Ê zû baş bibe.,S: Det kommer att läka fort. N: Det vil gro raskt. ,Se paranee nopeasti.,Það mun gróa fljótt.,,Çabuk iyileşecek.,Se va a curar rápidamente.,Gyorsan meg fog gyógyulni.,Vai curar-se rapidamente.,Tha perási grígora.,Θα περάσει γρήγορα.,Se va vindeca repede.,Tai greit sugis,Maghiilom iyan kaagad,,To się szybko zagoi.
Sie/er wird OK sein.,هو/ هي بخير ,هو/ هي بخير ,Hoa (m) / Hiya(f) bi-kher,She will be OK / He will be OK,Ça va aller.,Ona/On bo OK.,Het komt goed met hem/haar.,,ደሓን ክከዉን/ክትከውን እዩ/እያ፥,Dehan kikewin/kitkewn eyu/eya.,,Woh theek ho jaye gee. Woh theek ho jaye ga. وہ ٹھیک ہو جائے گی. وہ ٹھیک ہو جائے گا.,আপনি ঠিক হয়ে যাবেন ,apni thik hoye jaben,,,,Ajo do të jetë mirë / Ai do të jetë mirë,Ona (on) će biti dobro.,Таа (тој) ќе биде добро. (Taa (toj) kje bide dobro),С ней всё будет в порядке/С ним всё будет в порядке,,,,Pri neya/nego wsichko shte bude ok. // При нея/него всичко ще бъде ок. ,Ew ê baş bibe.,S: Han/Hon kommer att bli OK. N: Han/Hun vil bli OK.,Hän tulee olemaan kunnossa.,Það verður í lagi með hana. Það verður í lagi með hann,,O iyi olacak.,Va a estar bien.,Rendben lesz.,Ele vai ficar bem. / Ela vai ficar bem.,Tha gínei kalá/ok.,Θα γίνει καλά/οκ.,Ea/el va fi bine.,Jai viskas bus gerai / Jam viskas bus gerai,Magiging maayos po siya,,(Ona/On) wyzdrowieje./(infml)Wyjdzie z tego.
Ich freue mich Sie zu sehen., مبسوط بشوفتك,سعيد برؤيتك ,Mabsout bi shoftak/Saaid bi rou'yatika  ,I'm happy to see you.,Je suis content(e) de vous voir.,"Veselim se, da vas vidim",Ik ben blij u te zien.,,ንዓኻ ምርኣየይ ሕጉስ እየ፥,niacha me´rayey H´gus eyu.,,Aap say mil kar bohat khushi hui . آپ سے مل کر بہت خوشی ہوی,আপনাকে দেখে খুব ভালো লাগছে ,apnake dekhe khub bhalo lagchhe,,,,Jam i lumtur që të shoh.,Drago mi je što Vas vidim.,Мило ми е што Ве гледам. (Milo mi e shto Ve gledam),Я рад вас видеть,,(fml)Sono lieto di vederLa./Sono lieto di vederti.,,Radwam se da Wi pomogna. / Радвам се да Ви помогна.,Ez bi dîtina te kefxweş im.,,Hauska tavata teidät.,Ég er ánægð að sjá þig.,,Seni gördüğüme sevindim.,Me alegro de verle.,"Örülök, hogy látlak.",Estou feliz por vê-lo.,Khérome pou sas vlépo.,Χαίρομαι που σας βλέπω.,Ma bucur sa va vad.,Džiaugiuosi Jus matyti,Ikinagagalak ko pong makita kyao,,"Cieszę się, że Pana/Panią/cię widzę."
"Passen Sie auf sich auf, und alles Gute.", انتبه على حالك،بالنجاح,"انتبه إلى نفسك ,بالنجاح","Intebeh/(f.) Intebhi ala halek, Binajah /(m.) Intabeh/(f.) Intahehi ala nafsak! Bina""jah",Take care and all the best,Prenez bien soin de vous,"Pazite nase, in srečno.","Pas goed op uzelf, en veel sterkte.",,ጽቡቕ ዕድል፥,Tsibuk edil.,,Apna khayal rakhna . اپنا خیال رکھنا,"নিজের দিকে খেয়াল রাখবেন, আর ভালো থাকবেন ","nijer dike kheyal rakhben, ar bhalo thakben",,,,Kujdes dhe gjithë të mirat,Držite se i sretno.,Држете се и сретно. (Drzhete se i sretno).,Берегитесь и удачи вам,,"(fml)Distinti saluti, Le auguro il meglio./Cari saluti. ti auguro il meglio.",,Vnimawayte i vsichko nay dobro. / Внимавайте и всичко най-добро.,Li xwe miqate be. Derbasî be..,,pitäkää huolta itsestänne ja kaikkea hyvää.,Hafðu það gott og gangi þér vel.,,"Kendine iyi bak, bol şanslar!",Cuídese y que vaya todo bien.,"Vigyázz magadra, minden jót.",Cuide-se. Desejo tudo de bom para si.,Na proséxete ke sto kaló.,Να προσέχετε και στο καλό.,Aveti grija de dumneavoastra si toate cele bune.,Sėkmės ir viso geriausia,Mag-ingat po kayo,,"Pomyślności, wszystkiego dobrego!/(infml)Trzymaj się, wszystkiego dobrego!"
"Schreiben Sie mir wenn Sie können, hier ist meine Adresse.",اكتبلي وقت تقدر. هاد عنواني,اكتب لي عندما تستطيع. هذا هو عنواني  ," (m.) Ektebli wa't t'dar, Had unouani / (f.)Ektebili wa't t'dari, Had unouan//(m.) Uktub li / (f.) Uktubi li indama (m.) tastati''a/ (f.) tastatee'n/ Hatha Unouani/","Write me when you can, here is my address","Écrivez-moi quand vous pouvez, voici mon adresse","Pišite mi, ko utegnete, tu je moj naslov.","Hier is mijn adres zodat u mij kunt schrijven, als dat lukt.",,ኣብ ዝጠዓመካ ጸሓፈለይ፥ ኣድራሻይ እንሀልካ፥,Ab ziteameka Tsehafely. Adrashay enehalka.,,Jab moqa miley mujhay khat likhna. Yeh mera pata hai . جب موقع ملے مجھے خط لکھنا. یہے میرا پتہ ہے.,"যদি পারেন আমাকে লিখবেন, এইযে আমার ঠিকানা","jodi paren, to amake likhben, ei je amar thikana",,,,"Më shkruaj kur të mundesh, kjo është adresa ime","Pišite mi kad stignete, ovo je moja adresa.","Пишете ми кога стигнете, овде е адресата. (Pishete mi koga stignete, ovde e adresata)","Напишите мне, вот мой адрес",,"(fml) Scrivimi appena possibile, ecco il mio indirizzo./Mi scrivi appena possibile, ecco il mio indirizzo.",,"Pishete mi, kogato mozhete. Eto moyat adres. / Пишете ми когато можете. Ето моят адрес.","Eger tu bikari be ji min re binivîse, va ye navnîşana min",,Kirjoittaa minulle kun voitte. Tämä on osoitteeni.,"Skrifaðu mér þegar þú getur, hér er heimilisfangið mitt.",,"Fırsat olunca yaz, adresim bu.",Escríbame cuando quiera. Esta es mi dirección.,"Írjál, ha tudsz! Itt a címem.","Escreva-me quando puder, aqui está meu endereço.","Grápste mou an boríte, edó íne i dievthinsí mou.","Γράψτε μου αν μπορείτε, εδώ είναι η διεύθυνσή μου.","Scrieti-mi cand aveti posibilitatea, aceasta este adresa mea.","Parašykite man, kai galėsite. Tai mano adresas.","Sulatan po ninyo ako kapag may oras kayo, narito ang address ko.",,"(fml)Proszę do mnie jak najwcześniej napisać, oto mój adres./Napisz, jak będziesz mógł/mogła - tu jest mój adres."
Was ist passiert?,شو صار, ماذا حصل؟ ,Schou saar /  Ma-tha hassal,What happened?,Qu’est-ce qui s’est passé?,Kaj se je zgodilo?,Wat is er gebeurd?,,እንታይ ደኣ ተረኺቡ፧,Entay dea Terechibu?,,"kya huwa?
کیا ہوا؟",কী হয়েছে?,ki hoyechhe?,"chi shodeh?
چی شده؟","Chi shod?
چی شد؟",څه شو؟ ?tsa sho,Çfarë ka ndodhur?,Što se dogodilo?,Што се случило? (Shto se sluchilo?),Что случилось?,"S: Čo sa stalo?
C: Co se stalo?",Cos’è successo?,چی رویدا؟,Kakvo se e sluchilo_ / какво се е случило?,Çi bû?,"S: Vad har hänt?
N: Hva har skjedd?
D: Hvad er der sket?",Mitä on tapahtunut?,Hvað gerðist?,Deεn na εresie?,Ne oldu?,¿Qué pasó?,Mi történt?,O que aconteceu?,Tí sinévi?,Τί συνέβη;,Ce s-a intamplat?,Kas nutiko?,Ano ang nangyari?,,Co się stało?
Ich weiß nicht,ما يعرف,  لا اعرف ,Ma Baáref  / La Aáref,I don’t know,Je ne sais pas,Ne vem,Ik weet het niet.,,ኣይፈለጥኩን,Ayfeletkun,,"Mujhe nahi malum
مجھے نہیں معلوم",আমি জানিনা,ami janina,"nemidoonam
نمی دونم","Namedaanam
نمی دانم",نه پوهېږم na puyegam,Nuk e di,Ne znam.,Не знам (Ne znam),Я не знаю,"S: Neviem
C: Nevím",Non lo so,من نازانم,ne znam / не знам,Ez nizanim.,"S: Jag vet inte
N: Jeg vet ikke
D: Jeg ved det ikke",En tiedä.,Ég veit það ekki.,Mennim,Bilmiyorum,No sé,Nem tudom,Não sei,Den kséro,Δεν ξέρω,Nu stiu,Aš nežinau,Hindi ko alam,,Nie wiem
Essensverteilung,"توزيع الأكل 
 
 ", توزيع الطعام,"Taou-si"" Alakel / Taou-si Altaam",food distribution,distribution de nourriture,razdeljevanje hrane,Voedselverstrekking,,ምዕዳል መግቢ,MiEdal megbi,,Khaney ki takseem کھانے کی تقسیم,খাবার বিতরণ,khabar bitoron,Taghzime ghaza تقسیم غذا,Taghzime ghaza تقسیم غذا,,shpërndarje e ushqimit,dijeljenje (distribucija) hrane,Распределба на храна (Raspredelba na hrana),"Распределение продовольствия
(raspredeleniye prodovolstviya)",,La distribuzione di cibo,,Razpredeliаne na hrana / Разпределяне на храна,Belavkirina xwarinê,S: Matransonering N: Matrasjonering,ruoan jakelu,Matar úthlutun.,,Yemek dağıtımı,Reparto de comida,ételosztás,Distribuição de alimentos,Dianomì fagitù,Διανομή φαγητού,distribuție alimente,Maisto dalijimas,,,Dystrybucja żywności
Kinder zuerst,الأولاد بالأول                              , الأطفال أولاً ,Li-wlad bel Aoual/ Alatffal aoua-lan  ,children first,les enfants d'abord,najprej otroci,Kinderen eerst,,ቐዳምነት ንቖልዑት,Kedaminet Nikolu'ut,,Pehle bache پہلے بچے,বাচ্চারা আগে,bachchhara age,Aval kudakan اول کودکان,Aval kudakan اول کودکان,,fëmijët së pari,Prvo djeca / deca!,Прво децата (Prvo decata),"сначала дети
(snachala deti)",,prima i bambini,,Decata s predimstvo / Децата с предимство,peşî zarok,S: Barnen först N: Barn først,lapset ensin,Forgangur fyrir börn.,,ilk olarak çocuklar,Los niños primero,Először a gyerekek,As crianças primeiro,Pròta ta pedià,Πρώτα τα παιδιά,copiii primii,Pirmiausia vaikai,Mga bata muna,,Najpierw dzieci
dann die Frauen,وراهم النسوان,بعدهم النساء ,Ua-rahon alnissuan/ Baádhom alnessaa,then the women,ensuite les femmes,potem ženske,Dan de vrouwen,,ብድሕሪኡ ንደቂ ኣንስትዮ,B'diriu Nideki anstiyo,,Phir khawateen پھر خواتین,এরপর মেয়েরা/মহিলারা,erpor mohilara,Badan khonumha بعدآ خانم‌ ها,Badan khonumha بعدآ خانم‌ ها,,pastaj gratë,potom žene,па жените (pa zhenite),потом женщины,,le donne dopo/poi le donne,,Posle zhenite / После жените,paşî jin,S: Sedan kvinnorna N: Deretter kvinner,sitten naiset,Konur næst.,,daha sonra kadınlar,Las mujeres después,aztán a nők,As mulheres depois,I ginèkes metà,Οι γυναίκες μετά,apoi femeile,Tuomet moterys,"pagkatapos, ang mga babae naman",,Potem kobiety
Bitte hier anstellen.,بالدور لو سمحتوا                                 ,الرجاء التزام الدور,Bi-dour Laou Samahtou ,Please queue / line up here.,Faites la queue ici s'il vous plaît,"prosim, postavite se v vrsto",Hier aansluiten a.u.b.,,ብኽብረትኩም ኣብዚ ተሰርዑ፥,Bikbretkum abzi teser'U፥,,قطار بنایں Qataar banaiye,দয়া করে এখানে সারি করে দাঁড়ান,doya kore ekhane (shari kore) daran,Lotfan inja ba zafr istade bashid لطفآ‌‌ اینجآ به صف ایستآده شوید۰,Lotfan inja ba zafr istade bashid لطفآ‌‌ اینجآ به صف ایستآده شوید۰,,Ju lutem mbani rradhë këtu,"Molimo, stanite ovdje / ovde u red.","Ве молиме, застанете во редица (Ve molime, zastanete vo redica)","пожалуйста, встаньте в очередь
(pozhaluista, vstante v ochered)",,fare una fila qui per favore,,"Molia, naredete se tuk / Моля, наредете се тук",Ji kerema xwe li vir te keve rêzê,S: Vänligen köa här N: Vennligst kø her,Olkaa hyvät ja jonottakaa tässä.,Vinsamlegast farið í röð.,,Burada kuyruğa girin lütfen!,Hagan fila aquí,Kérem itt álljon be a sorba,Façam fila aqui,Kànte mia sirà edò,Κάντε μια σειρά εδώ,Vă rugăm să stați la coadă aici.,Prašome stoti į eilę čia,Pumila kayo dito,,Proszę ustawić się w kolejkę
Jeder nur ein Stück, لكل شخص قطعة  واحدة, لكل واحد واحدة , li-kil sha-ches wahdi / Likol wahed Wahide,Only one piece/item each,Juste un par personne.,vsak samo en kos,Slechts één stuk per persoon.,,ሓንቲ ሓንቲ ኩሉ ዓይነት,hanti hanti kab kulu aynet,,صرف ایک ٹکرا /Sirf aik tukra,সবার জন্য এক টুকরো করে,shobar jonno ek tukro kore,Baraye har nafar fakhat yek tieke. برای هر نفر فقط یک تکه,Baraye har nafar fakhat yek tiecke. برای هر نفر فقط یک تکه,,Vetëm nga një send,Za svakoga samo jedan komad / jedna stvar,Само по едно парче (Samo po edno parche),"только по одному предмету
(tolko po odnomu predmetu)",,solo uno/una a testa,,samo po edno za vseki/ само по едно за всеки,Ji bo herkesî tenê yek,S: Endast en/ett per person N: Bare en/et hver,Vain yksi kappale jokaiselle.,Bara eitt á mann.,,Herkese sırf birer tane,Solo un(a) pedazo/trozo/porción para cada uno,Mindenki csak egyet,Só um por pessoa,Móno éna komàti gia ton kathèna,Μόνο ένα κομμάτι για τον καθένα,Doar câte o bucată/porție fiecare.,Tik po vieną kiekvienam,Tig-iisa lang po ng bawat isa,,Po jednej sztuce
Hier gibt es keine Verteilung.,ما في توزيع هنا , لايوجد توزيع هنا ,Ma fi taou-si hoon / La ju-jad taou-si Huna ,There is no distribution here,Il n'y a pas de distribution ici.,tukaj ni razdeljevanja,Er is geen distributie hier.,,ኣብዚ ምዕዳል የሎን,Abzi Miedal yelon,,Yahan koi takseem nahi hai یہاں کوئی تقسیم نہیں ہے,এখানে কিছু বিতরণ করা হচ্ছে না,ekhane kichhu bitoron kora hochchhena,Inja taghzim wojud nadarad اینجا تقسیم وجود دارد,Inja taghzim wojud nadarad اینجا تقسیم وجود دارد,,Nuk ka shpërndarje këtu,Ovdje se ništa ne dijeli. / Ovde se ništa ne deli.,Тука не се дава храна (Tuka ne se dava hrana),"тут нет расдачи
(tut net rasdachi)",,Non c'è distribuzione qui,,Tuk ne se razdava hrana / Тук не се раздава храна,Li vir belavkirin nine.,S: Här finns ingen distribution N: Her finnes ingen distribusjon,Täällä ei ole jakelua.,Það er engin úthlutun hér.,,Burada dağıtım yok,No hay distribución aquí / No repartimos aquí,Itt nincs .... osztás,Aqui não há distribuição.,Dén gìnete dianomì edò,Δεν γίνεται διανομή εδώ,Aici nu se face distribuție.,Čia nėra dalijimo,Walang ipinamimigay dito,,Tutaj nie ma dystrybucji
Es gibt leider nichts mehr.,  اسف ما ظل شي ء ,اسف، لم يبق شي,"Assef, Ma Dal Schi / Assef lam Yabka shi","Sorry, there is nothing left.","Désolé, il ne reste plus rien.",žal je zmanjkalo / žal ni več,Er is helaas niets meer/Alles is op.,,ይቕረታ። ዝተረፈ የለን,Yikreta. Ziterefe yelen,,"nMazarat, koi cheezain yahan nahi hai معذرت ، کوئی چیزیں یہاں ناهی ہیں",আর কিছু অবশিষ্ট নেই,ar kichhu (oboshishto) nei,Motazefan inja hichchize digar wojud nadarad. متاسفانه اینجا هیچ جیز دیگر وجود ندارد.,Motazefan inja hichchize digar wojud nadarad. متاسفانه اینجا هیچ جیز دیگر وجود ندارد.,,"Na falni, nuk ka mbetur gjë","Na žalost, nema više ničega.","Извинете, немаме ништо (Izvinete, nemame nishto)","Извините, больше ничего не осталось
(izvinite, bolshe nichevo ne ostalos)",,"Mi dispiace, non è rimasto più niente",,"Suzhaliavam, svurshi / Съжалявам, свърши",Mixabin tiştekî ne mayê.,S: Tyvärr finns inget kvar N: Dessverre er ingenting igjen,Valitettavasti ei ole enää mitään jäljellä.,Því miður er ekkert eftir.,,Maalesef hiç bir şey kalmadı.,"Disculpa, no queda nada.",Sajnos nincs több,"Infelizmente, não há mais.",distixòs den èxi mìni àlo,Δυστυχώς δεν έχει μείνει άλλο,"Ne pare rău, nu a mai rămas nimic.","Atsiprašau, nieko nebeliko","Paumanhin, wala na pong natira",,"Przykro mi, nic już nie zostało"
(der) Apfel,تفاحة ,تفاحة , Tifaha/Toufaha ,apple,la pomme,jabolko,appel,,ቱፋሕ,Tufah,,Saib سیب,আপেল,apel,sib سیب,"sib
سیب",,mollë,jabuka,Јаболко (Jabolko),яблоко,,la mela,,Iabulka / ябълка,sêv,S: Äpple N: Eple,omena,Epli.,,Elma,Manzana,alma,Maçã,mìlo,μήλο,măr,Obuolys,mansanas,,jabłko
(die) Banane,موزة ,موزة ,Mouzeh,banana,une banane,banana,banaan,,ሙዝ ፨ ባናና,muz / banana,,Kela کیلا,কলা,kola,موز,keela کله,,banane,banana,Банана (Banana),банан,,la banana,,Banan / банан,mûz,S+N: Banan,banaani,Banani.,,Muz,Plátano/Banana,banán,Banana,banàna,μπανάνα,banană,Bananas,saging,,banany
(das) Wasser,مي                                                                        ,ماء \مياه , Mai/ Ma'a,water,de l'eau,voda,water,,ማይ,mai,,Pani پانی,পানি,pani,"Aab
أب","Aaw
أب",,ujë,voda,Вода (Voda),вода,,l'acqua,,Voda / вода,av,S: Vatten N: Vann,vesi,Vatn.,,Su,Agua,víz,Água,nerò,νερό,apă,Vanduo,tubig,,woda
(das) Essen,أكل                                                                 ,طعام ,Akel /Ta-am,food,la nourriture,hrana,eten,,ምግቢ,megbi,,Khana کھانا,খাবার,khabar,"Ghazaa
غذا","Naan
نان",,ushqim,hrana,Храна (Hrana),еда,,il cibo,,Hrana / Храна,xwarin,S+N: Mat,ruoka,Matur,,Yemek,Comida,étel,Comida,fagitò,φαγητό,mâncare,Maistas,pagkain,,jedzenie
(die) Unterlagen,أوراق رسمية ,أوراق رسمية ,Aourak Rassm-ia,documents,les documents,Dokumenti,De documenten,,ሰነድ,Sened,,کاغذات / پيپرز                   /                  Kagzat papers,কাগজপত্র,kagojpotro,"Khosh aamadid
خوش آمدید.","Khush aamadin.
خوش آمدین.",,dokumente,dokumenti / isprave,Добредојдовте / документи (Dobredojdovte / dokumenti),"Добро пожаловать/ документы
(Dobro pozhalovat/ dokumenty)",,documenti,,Dokumenti / документи,kaxez/belgename,S: Dokumenten N: Dokumentene,asiakirjat,Velkomin / Skjöl,,Belgeler,Documentos,dokumentumok,Documentos,Éngrafa,έγγραφα,Documentele,Dokumentai,Dokumento,,dokumenty
(die) Anmeldung,تسجيل ,تسجيل ,Tass-jill,registration,Enregistrement,Prijava,Inschrijving / Aanmelding,,ምዝገባ,Mizgeba,,"Registration
اندراج or رجسٹریشن",রেজিস্ট্রেশন,registration,Medarak o Koghaza مدارک و کاغذا ها,Medarak o Koghaza مدارک و کاغذا ها,,regjistrim,prijava / registracija,Пријава (регистрација) / Prijava (registracija),"Регистрация
(Registraciya)",,(la) residenza,,Registratsiya / регистрация,serlêdan,S+N: Registreringen ,ilmoittautuminen,Skráning,,Kayıt / ikamet,Registro,regisztráció,registo,Engrafí,Εγγραφή,Cerere,Registracija,rehistrasyon,,zameldowanie
(die) Staatsangehörigkeit,الجنسية ,الجنسية ,Alj'enssia,nationality,la nationalité,Državljanstvo,Nationaliteit,,ዘግነት,zegnet,,"Shahriyet
شہریت",জাতীয়তা,jatiyota,Aaliat هویت یا اهلیت,Aaliat هویت یا اهلیت,,nacionalitet,državljanstvo,државјанство (Državjanstvo),"Национальность
(natsionalnost)",,(la) cittadinanza,,Grazhdanstvo / Гражданство,hemwelatî,S: Nationalitet N: Statsborgerskap,kansalaisuus,Þjóðerni,,uyruk,Nacionalidad,állampolgárság,Nacionalidade,Ypikoótita,Υπηκοότητα,Nationalitatea,Pilietybė,nasyonalidad,,obywatelstwo
Da,هون                  , هنا ,Hoon/Hunna,here,ici,Tu,hier,,ኣብዚ,abzi,,"Yahan
یہاں",ওখানে / ঐযে,okhane/oije,Inja اینجا,Inja اینجا,,këtu,tu,тука (tuka),"здесь
(zdes)",,lì/là,,tuk / тук,li vir,S: Här N: Her,täällä,Hérna,,burada,Aquí.,itt,Aqui,Edó,Εδώ,Aici,Čia,dito,,tam
Dort,هنيك                                                                      ,هناك ,Hnik/Hunnak,there,là / là-bas,Tam,daar,,ኣብቲ,abti,,"Wahan
وہاں",ঐদিকে / ঐদিকটায়,oidike,Onja آنجا,Oonja آنجا,,atje,tamo,таму (tamu),"там
(tam)",,lì/là,,Tam / там,li wir,S: Där N: Der,tuolla,Þarna,,orada,Allá/Ahí,ott,Lá / ali,Ekí,Εκεί,Acolo,Ten,doon,,tam
Dort ist ein Arzt.,هنيك في دكتور                                 , هناك يوجد طبيب, Hnak fi Daktor/Honak You-jad Tabib,There's a doctor over there.,Il y a un médecin là-bas.,Zdravnik je tam,Daar is een arts/dokter.,,ሓኪም ኣብቲ ቦታ ኣሎ,Hakim abti bota alo,,Eik doctor hai wahan par ایک ڈاکٹر ہے وہاں پر,এইতো একজন ডাক্তার,eito ekjon daktar,Oonja doctar mibashad آنجا داکتر میباشد۰,"Oonja doctar mibashad آنجا داکتر میباشد۰.
.",,Doktori është atje,Tamo je liječnik / lekar.,Таму има лекар (Tamu ima lekar),Есть врач там...,,c'è un medico lí,,Tam ima lekar / Там има лекар,Bijîşk/textor li ve derê ye.,S: Det finns en läkare där N: Det finnes en lege der,Tuolla on lääkäri.,Það er læknir þarna.,,Doktor orada.,Allí hay un médico,"Ott van az orvos, abban az irányban.",Há um médico ali / O médico está ali,edò ìne o giatròs,Εδώ είναι ο γιατρός,Acolo este un doctor.,Ten yra daktaras,May doktor dito,,Tam jest doktor
Dort ist der Kinderbereich.,هنيك في ألعاب                   , هناك في ساحة ألعاب, Hnik Fi Alaáb/Honak Fi Sahat Alaáb,The children's area is over there.,L'espace pour les enfants est là-bas,Prostor za otroke je tam,Daar is een kinderruimte.,,ቦታ ቖልዑት ኣብቲ እዩ,Nay kolu'ut bota abti eyu,,Wahan bachon kay liye jaga hai . وہاں بچوں کے لیے جگہ ہے,ঐদিকটায় বাচ্চাদের জায়গা,oidike bachchader jayga,Oonja bakhshe kudakan mibashad آنجا بخش کودکان میباشد,Oonja bakhshe kudakan mibashad آنجا بخش کودکان میباشد۰,,Zona e fëmijëve është atje,Tamo je prostor za djecu / decu.,Децата се таму (Decata se tamu),Место для детей там...,,l'area per bambini è li,,Miasto za detsa / Място за деца,Cihê zarokan li wê derê ye.,S: Barnens plats är där N: Barnas område er der,Lasten alue on tuolla.,Svæði fyrir börn er þarna.,,Çocuk çevresi orada. / Çocuk bölümü orada.,La zona de niños está allí,A gyerekek ott vannak.,A área de crianças é ali.,Eki ine già ta pedià,εκεί είναι για τα παιδιά,Zona pentru copii este acolo,Vaikų zona yra ten,Doon ang lugar para sa mga bata,,Tam jest miejsce dla dzieci
(der) Reisepass,جواز سفر,جواز سفر, Ja-uas Safar,passport,le passeport,Potni list,paspoort,,ፓስፖርት,pasport,,"Passport
پاسپورٹ",পাসপোর্ট,passport,"pasport 
پاسپورٹ","pasport 
پاسپورٹ",,pasaportë,pasoš / putovnica,пасош (pasosh),"Паспорт
(pasport)",,(il) passaporto,,pasport / паспорт,pasaport,S+N: Pass ,passi,vegabréf,,pasaport,Pasaporte,útlevél,Passaporte,Diavatírio,Διαβατήριο,Pasaport,Pasas,Pasaporte,,paszport
"(der) Syrer, (die) Syrerin",سوري ,سوري ,Surri,Syrian,Syrien / Syrienne,"Sirijec, Sirijka",Syriër,,ሶርያዊ,Soryawi,,"Syrian
شام",সিরিয়ান,syrian,,,,Siriane,Sirijac / Sirijka,Сириец / Сиријка (siriec / sirijka),"Сирец/Сирийка
(siriyets/siriyka)",,siriano/siriana,,siriets / siriika,Sûryeyî,S+N: Syrier,syyrialainen,Sýrlenskur,,Suriyeli,Sirio,szíriai,Sírio,Syrios/Syria,Σύριος/Σύρια,Sirian,Siras,,,Syryjczyk/Syryjka